server,statusReturned,statusExpected
/api,200,200
/api,200,200
/api,200,200
/api,200,200
/api,200,200
/api,200,200
/api,200,200
/api,200,200
/api,200,200
/api,200,200
/api,200,200
/api,200,200
/api,200,200
/api,200,200
/api,200,200
/api,200,200
/api,200,200
/api,200,200
/api,200,200
/api,200,200
/api,200,200
/api,200,200
/api,200,200
/api,200,200
/api,200,200
/api,200,200
/api,200,200
/api,200,200
/api,200,200
/api,200,200
/api,200,200
/api,200,200
/api,200,200
/api,200,200
/api,200,200
/api,200,200
/api,200,200
/api,200,200
/api,200,200
/api,200,200
/api-control,200,200
/api,200,200
/api,200,200
/api,200,200
/api,200,200
/api,200,200
/api,200,200
/api,200,200
/api,200,200
/api,200,200
/api,200,200
/api,200,200
/api,200,200
/api,200,200
/api,200,200
/api,200,200
/api,200,200
/api,200,200
/api,200,200
/api,200,200
/api,200,200
/api,200,200
/api,200,200
/api,200,200
/api,200,200
/api,200,200
/api,200,200
/api,200,200
/api,200,200
/api,200,200
/api,200,200
/api,200,200
/api,200,200
/api,200,200
/api,200,200
/api,200,200
/api,200,200
/api,200,200
/api,200,200
/api,200,200
/api,200,200
/api,200,200
/api,200,200
/api,200,200
/api,200,200
/api,200,200
/api,200,200
/api,200,200
/api,200,200
/api,200,200
/api,200,200
/api,200,200
/api,200,200
/api,200,200
/api,200,200
/api,200,200
/api,200,200
/api,200,200
/api,200,200
/api-exp,200,500
